n,time,FLOPs
2,14074,6.82109e+06
4,89787,9.97917e+06
8,532218,1.44302e+07
16,3.87644e+06,1.63779e+07
32,2.59219e+07,1.99097e+07
64,1.76031e+08,2.36409e+07
128,1.20091e+09,2.78318e+07
256,8.39279e+09,3.19216e+07
512,5.89444e+10,3.63968e+07
1024,4.15596e+11,4.13177e+07
