blocksize,elapsed_time,FLOPs
1,782,5.23785e+09
2,737,5.55767e+09
4,653,6.27259e+09
8,637,6.43014e+09
16,646,6.34056e+09
32,649,6.31125e+09
64,629,6.51192e+09
