blocksize,elapsed_time,FLOPs
1,7530,5.43958e+08
2,7728,5.30021e+08
4,7311,5.60252e+08
8,6847,5.98218e+08
16,6825,6.00147e+08
32,6762,6.05738e+08
64,6844,5.9848e+08
